model_name,accuracy,precision,recall,f1_score,train_time,prediction_time
Logistic Regression,0.898,0.8964726562122253,0.898,0.8967931581324486,1.0179038047790527,0.03163433074951172
Decision Tree,0.9982,0.9982128847298102,0.9982,0.9982049145075748,0.21091318130493164,0.02532672882080078
Random Forest,0.9902,0.9901426863745783,0.9902,0.9901181415457045,2.6734426021575928,0.12067174911499023
Gradient Boosting,0.9974,0.9974050577937381,0.9974,0.9973871796531797,31.45555019378662,0.08141446113586426
XGBoost,0.9992,0.9992,0.9992,0.9992,0.9700887203216553,0.04277324676513672
